縣市區域,站名,已停止營運,不確定是否有快篩服務,官方資料更新日期,資料來源,服務醫院,服務對象或區域,每日人數,服務時間,排隊或預約方法,掛號網址,戶外地點描述,地址,聯絡電話,備註,latitude,longitude,校對者
基隆市,基隆市立醫院院本部快篩站,FALSE,FALSE,,https://www.facebook.com/uchange.keelung/posts/3951007968268064,基隆市立醫院,限基隆市民，有症狀且曾與確診個案足跡時間重疊、但未匡列居家檢疫者,60,週一至週五 8:00-17:00,線上預約，或 02-2428-3844 電洽基隆市衛生局,https://docs.google.com/forms/d/e/1FAIpQLSft4HebyntEu3heH5y1xVGAu2efe_yesLfWO-356RnNp9Nvgw/viewform,,基隆市信義區東信路282號,02-2465-2141,,25.12960999,121.76206,areong
基隆市,三總基隆正榮院區,FALSE,FALSE,,https://udn.com/news/story/7328/5481569,三總基隆正榮院區,限基隆市民，有症狀且曾與確診個案足跡時間重疊、但未匡列居家檢疫者,,,線上預約，或 02-2428-3844 電洽基隆市衛生局,,,基隆市中正區正榮街100號,02-2463-3330,,25.14450918,121.7640893,
基隆市,台灣礦工醫院,FALSE,FALSE,,https://udn.com/news/story/7328/5481569,台灣礦工醫院,限基隆市民，有症狀且曾與確診個案足跡時間重疊、但未匡列居家檢疫者,,,線上預約，或 02-2428-3844 電洽基隆市衛生局,,,基隆市暖暖區源遠路29號,02-2457-9101,,25.10797998,121.73316,
台北市,聯合醫院中興快篩站,FALSE,FALSE,,https://health.gov.taipei/News_Content.aspx?n=416BCB37CFFAC913&s=38E30CDD511F6674,台北市立聯合醫院,與確診個案有接觸史且足跡重疊者,300,每日8:00-24:00,現場,,台北市立聯合醫院中興院區急診外,台北市大同區鄭州路145號,02-2552-3234,,25.05139504,121.5087647,areong
台北市,聯合醫院和平快篩站,FALSE,FALSE,,https://health.gov.taipei/News_Content.aspx?n=416BCB37CFFAC913&s=38E30CDD511F6674,台北市立聯合醫院,與確診個案有接觸史且足跡重疊者,300,每日8:00-24:00,現場,,,台北市中正區中華路二段33號,02-2388-9595,,25.03557999,121.5067,areong
台北市,剝皮寮快篩站,FALSE,FALSE,,https://health.gov.taipei/News_Content.aspx?n=416BCB37CFFAC913&s=38E30CDD511F6674,台北市立聯合醫院,與確診個案有接觸史且足跡重疊者,300,每日8:00-24:00,現場,,剝皮寮歷史街區,台北市萬華區康定路173巷,02-2302-3199,,25.0368274,121.5022022,areong
台北市,聯合醫院仁愛快篩站,FALSE,FALSE,,https://health.gov.taipei/News_Content.aspx?n=416BCB37CFFAC913&s=38E30CDD511F6674,台北市立聯合醫院,,,每日8:00-20:00,,,,台北市大安區仁愛路四段10號,,,25.03750341,121.5451638,
台北市,聯合醫院陽明快篩站,FALSE,FALSE,,https://health.gov.taipei/News_Content.aspx?n=416BCB37CFFAC913&s=38E30CDD511F6674,台北市立聯合醫院,,,每日8:00-20:00,,,,台北市士林區雨聲街105號,,,25.10513864,121.5320739,
台北市,聯合醫院忠孝快篩站,FALSE,FALSE,,https://health.gov.taipei/News_Content.aspx?n=416BCB37CFFAC913&s=38E30CDD511F6674,台北市立聯合醫院,,,每日8:00-20:00,,,,台北市南港區同德路87號,,,25.0466694,121.5860487,
台北市,青草廣場快篩站,TRUE,FALSE,,https://www.facebook.com/taipei33/posts/322904365870524,三軍總醫院,與確診個案有接觸史且足跡重疊者,200,每日8:00-24:00,5/23後停篩,,,台北市萬華區艋舺大道與西園路路口,,5/23後停篩,25.03302416,121.5005919,
台北市,西園醫院,FALSE,FALSE,,https://www.westgarden.com.tw/2021/05/17/%e3%80%90%e5%85%ac%e5%91%8a%e3%80%91%e3%80%8c%e6%80%a5%e8%a8%ba%e7%af%a9%e6%aa%a2%e3%80%8d%e9%87%8d%e8%a6%81%e5%85%ac%e5%91%8a/,西園醫院,接觸確診者，茶藝館工作者及顧客，發燒、有上呼吸道症狀者,,每日8:00-20:00,08:00 發號碼牌,,萬華區西園路二段270號,台北市萬華區西園路二段270號,02-2307-6968,,25.0277,121.49443,
台北市,臺北榮民總醫院,FALSE,FALSE,,https://health.ltn.com.tw/article/breakingnews/3541532,臺北榮民總醫院,曾赴萬華茶藝館，街友、弱勢族群、新住民，出現發燒及上呼吸道症狀者，有意願篩檢之民眾。,,每日8:00-20:00,5/24日8時發放號碼牌，分早、中、晚3梯次。,,台北市北投區石牌路二段201號,台北市北投區石牌路二段201號,02-2871-2121,,25.11918001,121.51917,
台北市,振興醫療財團法人振興醫院,FALSE,FALSE,,https://www.cna.com.tw/news/firstnews/202105230135.aspx,振興醫療財團法人振興醫院,曾赴萬華茶藝館，街友、弱勢族群、新住民，出現發燒及上呼吸道症狀者，有意願篩檢之民眾。,,每日8:00-20:00,5/24日8時發放號碼牌，分早、中、晚3梯次。,,台北市北投區振興街45號,台北市北投區振興街45號,02-2826-4400,,25.11613054,121.5229511,
台北市,新光吳火獅紀念醫院,FALSE,FALSE,,https://www.cna.com.tw/news/firstnews/202105230135.aspx,新光吳火獅紀念醫院,曾赴萬華茶藝館，街友、弱勢族群、新住民，出現發燒及上呼吸道症狀者，有意願篩檢之民眾。,,每日8:00-20:00,5/24日8時發放號碼牌，分早、中、晚3梯次。,,台北市士林區文昌路95號,台北市士林區文昌路95號,02-2833-2211,,25.09628002,121.52032,
台北市,馬偕紀念醫院,FALSE,FALSE,,https://www.cna.com.tw/news/firstnews/202105230135.aspx,馬偕紀念醫院,曾赴萬華茶藝館，街友、弱勢族群、新住民，出現發燒及上呼吸道症狀者，有意願篩檢之民眾。,,每日8:00-20:00,5/24日8時發放號碼牌，分早、中、晚3梯次。,,台北市中山區中山北路二段92號,台北市中山區中山北路二段92號,02-2543-3535,,25.05888001,121.52256,
台北市,康寧醫院,FALSE,FALSE,,https://www.cna.com.tw/news/firstnews/202105230135.aspx,康寧醫院,曾赴萬華茶藝館，街友、弱勢族群、新住民，出現發燒及上呼吸道症狀者，有意願篩檢之民眾。,,每日8:00-20:00,5/24日8時發放號碼牌，分早、中、晚3梯次。,,台北市內湖區成功路五段420巷26號,臺北市台北市內湖區成功路五段420巷26號,02-2634-5500,,25.07575328,121.6088687,
台北市,三軍總醫院,FALSE,FALSE,,https://www.cna.com.tw/news/firstnews/202105230135.aspx,三軍總醫院,曾赴萬華茶藝館，街友、弱勢族群、新住民，出現發燒及上呼吸道症狀者，有意願篩檢之民眾。,,每日8:00-20:00,5/24日8時發放號碼牌，分早、中、晚3梯次。,,內湖區成功路二段325號,台北市內湖區成功路二段325號,02-8792-3311,,25.07167853,121.5925527,
台北市,三軍總醫院松山分院,FALSE,FALSE,,https://www.cna.com.tw/news/firstnews/202105230135.aspx,三軍總醫院松山分院,曾赴萬華茶藝館，街友、弱勢族群、新住民，出現發燒及上呼吸道症狀者，有意願篩檢之民眾。,,每日8:00-20:00,5/24日8時發放號碼牌，分早、中、晚3梯次。,,台北市松山區健康路131號,台北市松山區健康路131號, 02-2764-2151,,25.05432975,121.5576167,
台北市,台北長庚紀念醫院,FALSE,FALSE,,https://www.cna.com.tw/news/firstnews/202105230135.aspx,台北長庚紀念醫院,曾赴萬華茶藝館，街友、弱勢族群、新住民，出現發燒及上呼吸道症狀者，有意願篩檢之民眾。,,每日8:00-20:00,5/24日8時發放號碼牌，分早、中、晚3梯次。,,台北市松山區敦化北路199號,台北市松山區敦化北路199號,02-2713-5211,,25.05550001,121.54962,
台北市,台安醫院,FALSE,FALSE,,https://www.cna.com.tw/news/firstnews/202105230135.aspx,台安醫院,曾赴萬華茶藝館，街友、弱勢族群、新住民，出現發燒及上呼吸道症狀者，有意願篩檢之民眾。,,每日8:00-20:00,5/24日8時發放號碼牌，分早、中、晚3梯次。,,台北市松山區八德路二段424號,台北市松山區八德路二段424號,02-2771-8151,,25.04805,121.54728,
台北市,博仁綜合醫院,FALSE,FALSE,,https://www.cna.com.tw/news/firstnews/202105230135.aspx,博仁綜合醫院,曾赴萬華茶藝館，街友、弱勢族群、新住民，出現發燒及上呼吸道症狀者，有意願篩檢之民眾。,,每日8:00-20:00,5/24日8時發放號碼牌，分早、中、晚3梯次。,,台北市松山區光復北路66號,台北市松山區光復北路66號,02-2578-6677,,25.04990001,121.55769,
台北市,台北醫學大學附設醫院,FALSE,FALSE,,https://www.cna.com.tw/news/firstnews/202105230135.aspx,台北醫學大學附設醫院,曾赴萬華茶藝館，街友、弱勢族群、新住民，出現發燒及上呼吸道症狀者，有意願篩檢之民眾。,,每日8:00-20:00,5/24日8時發放號碼牌，分早、中、晚3梯次。,,台北市信義區吳興街252號,台北市信義區吳興街252號,02-2737-2181,,25.02589787,121.561792,
台北市,萬芳醫院,FALSE,FALSE,,https://www.cna.com.tw/news/firstnews/202105230135.aspx,萬芳醫院,曾赴萬華茶藝館，街友、弱勢族群、新住民，出現發燒及上呼吸道症狀者，有意願篩檢之民眾。,,每日8:00-20:00,5/24日8時發放號碼牌，分早、中、晚3梯次。,,台北市文山區興隆路三段111號,台北市文山區興隆路三段111號,02-2930-7930,,24.99984817,121.558147,
台北市,國泰綜合醫院,FALSE,FALSE,,https://www.cna.com.tw/news/firstnews/202105230135.aspx,國泰綜合醫院,曾赴萬華茶藝館，街友、弱勢族群、新住民，出現發燒及上呼吸道症狀者，有意願篩檢之民眾。,,每日8:00-20:00,5/24日8時發放號碼牌，分早、中、晚3梯次。,,台北市大安區仁愛路四段280號,台北市大安區仁愛路四段280號,02-2708-2121,,25.03694,121.55366,
台北市,台灣大學醫學院附設醫院,FALSE,FALSE,,https://www.cna.com.tw/news/firstnews/202105230135.aspx,台灣大學醫學院附設醫院,曾赴萬華茶藝館，街友、弱勢族群、新住民，出現發燒及上呼吸道症狀者，有意願篩檢之民眾。,,每日8:00-20:00,5/24日8時發放號碼牌，分早、中、晚3梯次。,,台北市中正區中山南路7號,台北市中正區中山南路7號,02-2312-3456,,25.04078,121.51856,
新北市,三重聯醫篩檢站,FALSE,FALSE,5/29,https://www.health.ntpc.gov.tw/basic/?mode=detail&node=8627,新北市立聯合醫院三重院區,三重、蘆洲,300,,08：00發號碼牌，09：00開始篩檢,,三重聯醫急診外,新北市三重區新北大道一段4號,02-2982-9111,,25.06097599,121.4903688,areong
新北市,板橋聯醫篩檢站,FALSE,FALSE,5/29,https://www.health.ntpc.gov.tw/basic/?mode=detail&node=8627,新北市立聯合醫院板橋院區,板橋、三重,300,,08：00發號碼牌，09：00開始篩檢,,新北市聯合醫院板橋院區急診外,新北市板橋區英士路198號,02-2257-5151,,25.0237601,121.4575974,areong
新北市,土城長庚篩檢站,FALSE,FALSE,,https://www.cgmh.org.tw/tw/News/Info/A/202105200017,新北市立土城醫院,土城、中和,300,上午 9:00-12:30  下午 13:00-16:30,僅接受網路預約,https://register.cgmh.org.tw/Department/V/V0990A,,新北市土城區金城路二段6號,02-2263-0588,,24.97627862,121.4486746,areong
新北市,永和耕莘篩檢站,FALSE,FALSE,5/30,http://www.cthyh.org.tw/?aid=301&pid=0&page_name=detail&iid=158,永和耕莘醫院,永和、中和,每個時段限額100名，網路預約80名，現場掛號20名,週一至週六 9:00-11:30，週一至週五14:00-16:30,08:00、13:00發號碼牌,http://newreg.cthyh.org.tw/new_CthWebReg/webreg/Reg/booking_main5.aspx?order=register,永和耕莘醫院門診騎樓,新北市永和區中興街80號,02-6637-3659,,25.01195557,121.518064,areong
新北市,新莊樂生篩檢站,FALSE,FALSE,,https://www.lslp.mohw.gov.tw/web/news/news_in.jsp?lang=tw&np_no=NP1621386415342,部立樂生療養院迴龍院區,限設籍新北市，以居住新莊、樹林、三重、蘆洲優先，有萬華高風險區活動或接觸史者,100,週一至週五 9:30～10:00、14:30〜15:00 完成報到,採預約制：一律使用網路掛號，不接受現場掛號,https://docs.google.com/forms/d/e/1FAIpQLSem8eAhGyw81fFQdAJ_GQm1kyy70TdrxQ6hK0mCy4r9H4s9Fg/viewform,部立樂生療養院迴龍院區急診室停車場旁，孫雅各紀念館前,桃園市龜山區萬壽路一段50巷2號,02-8200-6600,,25.02053249,121.4084258,areong
新北市,泰山輔大篩檢站,FALSE,FALSE,,https://www.hospital.fju.edu.tw/News/Content?CID=1413,輔大醫院,新莊、泰山,300,每日9:00-16:00,每日08:00-09:00發放號碼牌,,輔大醫院急診室外,新北市泰山區貴子路69號,02-8512-8888,,25.04093228,121.4316592,areong
新北市,中和社區篩檢站,FALSE,FALSE,5/30,http://www.cthyh.org.tw/?aid=301&pid=0&page_name=detail&iid=158,永和耕莘醫院,中和、永和,每個時段限額100名，網路預約80名，現場掛號20名,週一至週六 9:00-11:30，週一至週五14:00-16:30,08:30、13:30發號碼牌,http://newreg.cthyh.org.tw/new_CthWebReg/webreg/Reg/booking_main5.aspx?order=register,山北市民活動中心(鄰山北公園旁),新北市中和區莊敬路49巷29弄2號,02-2242-9432,,25.00623079,121.5015736,areong
新北市,新店耕莘社區篩檢站,FALSE,FALSE,5/24,http://www.cth.org.tw/?aid=401&page_name=detail&iid=838,新店耕莘醫院,新店、中和,每個時段100位,週一至週六09：00-11：30 週一至週五13：30-16：00,08:30、13:00發號碼牌,,新店交通公園,新北市新店區民族路109號,02-2219-3391,,24.97668058,121.538522,areong
新北市,雙和社區篩檢站,FALSE,FALSE,5/29,https://www.health.ntpc.gov.tw/basic/?mode=detail&node=8627,衛生福利部雙和醫院,中和,300,,08：00發號碼牌，09：00開始篩檢,,雙和醫院第二醫療大樓門口,新北市中和區中正路291號,02-2249-0088,,24.99195012,121.4938033,areong
新北市,板橋機動篩檢站,TRUE,FALSE,5/29,https://www.health.ntpc.gov.tw/basic/?mode=detail&node=8627,新北市立聯合醫院,板橋,400,5/29起關閉篩檢站,08：00發號碼牌，09：00開始篩檢,,板橋音樂公園,新北市板橋區大同街70號,02-2257-5151,,25.02809269,121.4803792,areong
新北市,中和機動篩檢站,FALSE,FALSE,5/29,http://www.yiher.com.tw/content.aspx?menuID=S0051&id=5384,怡和醫院,中和,"上午100名, 下午100名","每日09:00-12:00, 週一至週五14:00-17:00","08:30, 13:30發放號碼牌",,積穗市民活動中心,新北市中和區員山路455巷10號,02-2245-0009,,25.00456286,121.4791404,
桃園市,中壢區社區篩檢站,FALSE,FALSE,,https://www.cna.com.tw/news/firstnews/202105190360.aspx,桃園11家責任醫院彼此調度服務,中壢區為主、彈性支援南北桃園,200-300,,,,中壢區中正公園內,桃園市中壢區中美路86號,,,24.95943057,121.2266681,areong
桃園市,桃園區社區篩檢站,FALSE,FALSE,,https://www.cna.com.tw/news/firstnews/202105190360.aspx,桃園11家責任醫院彼此調度服務,桃園區為主、支援北桃園,200-300,,,,桃園區桃園體育場、德育街旁,桃園市桃園區三民路一段1號,,,24.99438207,121.3228413,areong
桃園市,龍潭區社區篩檢站,FALSE,FALSE,,https://www.cna.com.tw/news/firstnews/202105190360.aspx,桃園11家責任醫院彼此調度服務,龍潭區為主、支援南桃園,200-300,,,,龍潭區龍潭圖書館旁行政園區內,桃園市龍潭區中興路680號,,,24.87033565,121.2220744,areong
桃園市,楊梅區社區篩檢站,FALSE,FALSE,,https://www.cna.com.tw/news/firstnews/202105190360.aspx,桃園11家責任醫院彼此調度服務,楊梅區為主、支援南桃園,200-300,,,,未知未公布,,,,,,areong
新竹市,新竹市府社區篩檢站,FALSE,FALSE,,https://www.2021.hccg.gov.tw/covid-19%E7%AF%A9%E6%AA%A2%E9%A0%90%E7%B4%84,國軍新竹地區醫院,有相關接觸、活動史的民眾預約。,,2021-05-24 14:00,03-535-5175,https://reurl.cc/1gnae9,國軍新竹地區醫院 正門右側停車場,新竹市北區武陵路3號,03-535-5175,,24.81676817,120.9628177,areong
新竹縣,臺北榮民總醫院新竹分院,FALSE,FALSE,,http://www.vhct.gov.tw/web/b04_covid19/covid-19_sa.htm,臺北榮民總醫院新竹分院,任何有需求人士(自費),上午30人次，下午40人次（包含預約上限 上午15、下午20）,週一至週五8:30-11:00、14:00-19:00 週六8:30-11:00,03-5962134 #734 #236,,臺北榮民總醫院新竹分院戶外篩檢站,新竹縣竹東鎮中豐路一段81號,03-5962134#734/23,,24.72280601,121.1001722,
新竹縣,竹北大安醫院,FALSE,FALSE,,https://www.cna.com.tw/news/firstnews/202105190360.aspx,大安醫院,,50,週一至週五8:30-11:00、14:00-19:00 週六8:30-11:00,0931-362-929,,,新竹縣竹北市博愛街298巷5號,03-555-7188,,24.83494324,121.0081491,
新竹縣,湖口仁慈醫院,FALSE,FALSE,,https://www.cna.com.tw/news/firstnews/202105190360.aspx,湖口仁慈醫院,,50,週一至週五13:00-15:00,03-599-3500#2396,,,新竹縣湖口鄉忠孝路29號	,03-599-3500,,24.90057,121.04568,
苗栗縣,後龍快篩站,TRUE,FALSE,,https://www.mlshb.gov.tw/tc/PressReleaseContent.aspx?id=3378&chk=02646138-857a-4212-99b3-c78ab93f8bfc&mid=15&param=pn%3d1%26department%3d%26key%3d,,與案2011確診者個案有接觸且足跡重疊者,,2021/5/20與 5/21 下午 13:30-16:30,037-558510、558520,已停止報名,後龍鎮復興里籃球場前面空地,苗栗縣後龍鎮中山路123號,03-777-3088,,24.61090646,120.8046491,chewei
苗栗縣,造橋鄉社區快篩站,FALSE,FALSE,,https://www.cna.com.tw/news/firstnews/202105190360.aspx,,與案4906確診個案有接觸史且足跡重疊者,,5月27日下午1時30分至4時,報名時間：5月27日上午10時截止，電話（037）558510、558520,,三灣鄉南港溪伯公廟（造橋綠池對面）,,,,24.64813039,120.8742337,areong
苗栗縣,三灣鄉社區快篩站,FALSE,FALSE,,https://www.cna.com.tw/news/firstnews/202105190360.aspx,,與案4905確診個案有接觸史且足跡重疊者,,5月28日下午1時30分至4時,報名時間：5月28日上午10時截止，電話（037）-558510、558520,,三灣鄉永和村三元宮停車場,苗栗縣三灣鄉永和村3鄰11號,,,24.63860093,120.9237861,areong
台中市,台中慈濟醫院,FALSE,FALSE,2021/05/24,https://taichung.tzuchi.com.tw/news/9/2007,台中慈濟醫院,符合資格免費,100,週一至週五08:00-12:00,現場抽號碼牌等候,,台中慈濟醫院急診室外快篩站,台中市潭子區豐興路一段88號,04-3606-0666,與確診者有接觸或足跡重疊者,24.19490249,120.7219451,areong
台中市,烏日林新醫院,FALSE,FALSE,2021/05/26,http://wlshosp.org.tw/%E6%9C%80%E6%96%B0%E6%B6%88%E6%81%AF/%E7%83%8F%E6%97%A5%E6%9E%97%E6%96%B0%E8%A8%AD%E7%BD%AEcovid-19%E5%BF%AB%E7%AF%A9%E7%AB%99-%E6%8F%90%E4%BE%9B%E7%B7%9A%E4%B8%8A%E9%A0%90%E7%B4%84/,林新醫院（烏日院區）,台中市民(備註資格),50,週一至週五 14:00-17:00,2021/5/27開始,http://www.wlshosp.org.tw:8000/OReg/OpoDoctorsVisitListPage?sectcategory=%20%20%E6%96%B0%E5%86%A0%E8%82%BA%E7%82%8E%E5%B0%88%E5%8D%80&sectid=0298&sectname=%E5%BF%AB%E7%AF%A9%E9%A0%90%E7%B4%84&showcd=N,急診戶外篩檢站(靠榮和路口),台中市烏日區榮和路168號,04-2338-8766,與確診個案有接觸史且足跡重疊者,24.10998765,120.5979865,areong
台中市,大里仁愛醫院,FALSE,FALSE,2021/05/26,https://www.health.taichung.gov.tw/1793985/post,台中仁愛醫院(大里院區),台中市民(備註資格),30,週一至週五08:30-17:30,2021/5/28開始,https://www.jah.org.tw/netreg/rdrlist.asp?m=99&m1=4&m2=428&gp=29&s=1&s1=103,急診室入口旁,台中市大里區東榮路483號,04-2481-9900,與確診個案有接觸史且足跡重疊者,24.10902202,120.6800885,areong
台中市,台中榮民總醫院,FALSE,FALSE,2021/05/26,https://www.facebook.com/vghtc/posts/4148456665241524,台中榮民總醫院,台中市民(備註資格),時間到截止,週一至週日15:00-19:00,現場掛號等候,,新門診大樓二樓外廣場(緊臨台灣大道四段),台中市西屯區台灣大道四段1650號,04-2359-2525,與確診個案有接觸史且足跡重疊者,24.18330993,120.6037533,areong
台中市,中國醫藥大學附設醫院,FALSE,FALSE,2021/05/20,https://www.cmuh.cmu.edu.tw/NewsInfo/NewsArticle?no=7315,中國醫藥大學附設醫院,台中市民(備註資格),50,週一至週五09:00-12:00,網路預約，或電話預約：(04)2205-6631或(04)2205-2121分機5147、5148,https://appointment.cmuh.org.tw/cgi-bin/reg52.cgi?DocNo=D9997&sstus=5,癌症中心大樓側門後端B2「台中市民篩檢站」 (請由五順街上、急重症中心大樓星巴克門市斜對面旋轉樓梯下樓),台中市北區育德路2號,04-2205-2121#5147、#5148,與確診個案有接觸史且足跡重疊者,24.15424142,120.6827399,areong
台中市,中山醫學大學附設醫院,FALSE,FALSE,2021/05/26,https://www.health.taichung.gov.tw/1793985/post,中山醫學大學附設醫院,台中市民(備註資格),50,週一至週五14:00-16:00,現場掛號等候,,內科大樓一樓戶外篩檢站,台中市南區建國北路一段110號,04-2473-9595,與確診個案有接觸史且足跡重疊者,24.12158092,120.6503314,areong
台中市,中港澄清醫院,FALSE,FALSE,2021/05/26,https://www.facebook.com/ccghckb/posts/4307366889294926,中港澄清醫院,台中市民(備註資格),50,週一至週五13:30-17:30,13:30發號碼牌，14:00開始採檢,,中港樓急診側門,台中市西屯區台灣大道四段966號,04-2463-2000,與確診個案有接觸史且足跡重疊者,24.18305512,120.6167744,areong
台中市,國軍台中總醫院,FALSE,FALSE,2021/05/24,https://www.facebook.com/803mnd/posts/1657607641095382,國軍台中總醫院,台中市民(備註資格),60,週一至週五09:00-13:00,現場掛號等候,,,台中市太平區中山路二段348號,04-2393-4191#12,與確診個案有接觸史且足跡重疊者,24.15078286,120.7300931,areong
台中市,衛生福利部台中醫院,TRUE,FALSE,2021/05/24,https://www.facebook.com/TAIC.mohw/posts/1790157464497837,衛生福利部台中醫院,台中市民(備註資格),60,週一至週五14:00-15:00,5/25起停止快篩服務,,本院急診室外側,台中市西區三民路一段199號,04-2229-4411,與確診個案有接觸史且足跡重疊者,24.14011508,120.6770603,
台中市,衛生福利部豐原醫院,FALSE,FALSE,2021/05/24,https://www.fyh.mohw.gov.tw/?aid=301&pid=0&page_name=detail&iid=2412,衛生福利部豐原醫院,與確診個案有接觸史且足跡重疊者,100,週一至週五08:30-11:30,網路預約，或電話預約 04-2520-2300,https://web1.fyh.mohw.gov.tw/oinetregweb/OINetReg.Reg/Reg_RegTable.aspx?HID=F&Way=Dept&DivDr=0120&Date=&Noon=,衛生福利部豐原醫院立體停車場旁篩檢站,台中市豐原區安康路100號,04-2527-1180,,24.24311192,120.7247031,areong
台中市,亞洲大學附屬醫院,FALSE,FALSE,2021/05/24,https://www.facebook.com/AUHcares/posts/1472704319729278,亞洲大學附屬醫院,台中市民,60,週一至週五14:00-17:00,網路預約,https://www.auh.org.tw/Service/OnlineAppointment,亞洲大學附屬醫院後方高架橋下廣場,台中市霧峰區福新路222號,04-3706-1668,同時與確診個案有接觸史且足跡重疊者（符合資格優先篩檢,24.05446892,120.6842463,areong
台中市,童綜合醫院梧棲院區,FALSE,FALSE,2021/05/20,https://www.facebook.com/ttmhh/videos/1288562358208599,童綜合醫院,台中市民,200,週一至週五09:00-11:00、14:00-16:00,,https://reurl.cc/E2q1pg,童綜合醫院旁停車場,台中市梧棲區台灣大道八段699號,04-2658-1919,同時與確診個案有接觸史且足跡重疊者（符合資格優先篩檢,24.24752402,120.5419446,areong
台中市,光田綜合醫院沙鹿院區,FALSE,FALSE,2021/05/26,https://www.health.taichung.gov.tw/1793985/post,光田醫院（沙鹿院區）,台中市民(備註資格),100,週一至週五13:30-17:30,5/26開始,http://www.ktgh.com.tw/Reg_Covid_19_RapidExam.asp,光田醫院第二醫療大樓前廣場,台中市沙鹿區沙田路117號,04-2662-5111,與確診個案有接觸史且足跡重疊者,24.23570723,120.5579894,areong
台中市,光田綜合醫院大甲院區,FALSE,FALSE,2021/05/26,https://www.health.taichung.gov.tw/1793985/post,光田醫院（大甲院區）,台中市民(備註資格),50,週一至週五08:30-12:30,5/31開始,,光田醫院救護組後側廣場,台中市大甲區經國路321號,04-2688-5599,與確診個案有接觸史且足跡重疊者,24.34666937,120.6169714,areong
台中市,朝陽科大專案,TRUE,FALSE,,"https://web.cyut.edu.tw/p/406-1000-30217,r13.php?Lang=zh-tw",-,僅限朝陽科大師生,-,,,,,台中市霧峰區吉峰東路168號,04-2332-3000,與確診個案有接觸史且足跡重疊者,24.06914999,120.716,
台中市,李綜合醫院大甲院區,FALSE,FALSE,2021/05/26,http://www.leehospital.com.tw/NBArticle/Article.asp?ArticleId=1077,,台中市民(備註資格),50,週一至週五 09:00-12:00、14:00-17:00,電話預約 02-2686-2288 #2123 ，預約時間 週一至週五 14:00-17:00,,李綜合醫院停車場,台中市大甲區八德街2號,02-2686-2288,與確診個案有接觸史且足跡重疊者,24.35110968,120.6183533,areong
台中市,梨山衛生所,FALSE,FALSE,,https://www.cna.com.tw/news/ahel/202105200140.aspx,梨山衛生所,台中市民(備註資格),-,,,,,台中市和平區中正路68號,04-2598-9540,與確診個案有接觸史且足跡重疊者,24.25434999,121.25514,
南投縣,南投基督教醫院,FALSE,FALSE,,https://www.cna.com.tw/news/firstnews/202105190360.aspx,,,,,,,,南投縣南投市中興路870號,04-9222-5595,,23.89873999,120.68387,
南投縣,埔里基督教醫院,FALSE,FALSE,,https://www.cna.com.tw/news/firstnews/202105190360.aspx,,,,,,,,南投縣埔里鎮愛蘭里鐵山路1號,04-9291-2151,,23.97079514,120.9470085,
南投縣,佑民醫院,FALSE,FALSE,,https://www.cna.com.tw/news/firstnews/202105190360.aspx,,,,,,,,南投縣草屯鎮太平路一段200號, 04-9235-8151,,23.96043998,120.68186,
南投縣,竹山秀傳醫院,FALSE,FALSE,,https://www.cna.com.tw/news/firstnews/202105190360.aspx,,,,,,,,南投縣竹山鎮集山路二段75號,04-9262-4266,,23.8001854,120.7139464,
南投縣,台中榮民總醫院埔里分院,FALSE,FALSE,,https://www.cna.com.tw/news/firstnews/202105190360.aspx,,,,,,,,南投縣埔里鎮中山路三段339號,049-299-0833,,23.97551259,120.9955887,
南投縣,衛生福利部南投醫院,FALSE,FALSE,,https://www.cna.com.tw/news/firstnews/202105190360.aspx,,,,,,,,南投縣南投市復興路478號,049-223-1150,,23.91392942,120.6849538,
雲林縣,台灣大學醫學院附設醫院雲林分院,FALSE,FALSE,,https://www.cna.com.tw/news/firstnews/202105190360.aspx,,,60,,,,雲林縣虎尾鎮學府路95號,雲林縣虎尾鎮學府路95號,05-633-0002,,23.73496009,120.4269556,
雲林縣,天主教若瑟醫院,FALSE,FALSE,,https://www.cna.com.tw/news/firstnews/202105190360.aspx,,,15,,,,雲林縣虎尾鎮新生路74號,雲林縣虎尾鎮新生路74號,05-633-7333,,23.70820999,120.43789,
雲林縣,中國醫藥大學北港附設醫院,FALSE,FALSE,,https://www.cna.com.tw/news/firstnews/202105190360.aspx,,,20,,,,中國醫藥大學北港校區,雲林縣北港鎮新德路123號,05-783-7901,,23.58997514,120.3072516,
雲林縣,林內鄉衛生所,FALSE,FALSE,,https://www.cna.com.tw/news/firstnews/202105190360.aspx,,,-,09:00-15:00,,,雲林縣林內鄉新興路54號,雲林縣林內鄉新興路54號,05-589-6747,,23.75996313,120.6124454,
雲林縣,鎮玄宮社區快篩站,FALSE,FALSE,,https://www.cna.com.tw/news/firstnews/202105190360.aspx,,,,09:00-15:00,5/25啟用,,,雲林縣東勢鄉安南路2號之2號,05-699-2335,,23.70125009,120.2522982,
雲林縣,元長鄉長南長北集會所,FALSE,FALSE,,https://www.cna.com.tw/news/firstnews/202105190360.aspx,,,,15:00-18:00,5/25啟用,,,雲林縣元長鄉元北路32-20號,05-788-5777,,23.65466058,120.3141598,
彰化縣,溪湖湳底龍水宮,FALSE,FALSE,,https://health.ltn.com.tw/article/breakingnews/3541532,,彰化市民(備註資格),,,,,彰化縣溪湖鎮湳底路臨27之1號,彰化縣溪湖鎮湳底路臨27之1號,04-881-5054,,23.93801382,120.5061994,
彰化縣,衛生福利部彰化醫院,FALSE,FALSE,,https://health.ltn.com.tw/article/breakingnews/3541532,,彰化市民(備註資格),,,,http://message.chhw.mohw.gov.tw:6680/Register,彰化縣埔心鄉中正路二段80號,彰化縣埔心鄉中正路二段80號,04-829-8686,,23.95022001,120.5273,
彰化縣,彰化基督教醫院,FALSE,FALSE,,https://www.cna.com.tw/news/firstnews/202105190360.aspx,,,,,,,,彰化市南校街135號,04-723-8595,,24.07149001,120.54446,
彰化縣,員林基督教醫院,FALSE,FALSE,,https://www.cna.com.tw/news/firstnews/202105190360.aspx,,,,,,,,彰化縣員林市莒光路456號,04-838-1456,,23.96274999,120.56695,
彰化縣,鹿港基督教醫院,FALSE,FALSE,,https://www.cna.com.tw/news/firstnews/202105190360.aspx,,,,,,,,彰化縣鹿港鎮中正路480號,04-777-9595,,24.06038001,120.43821,
彰化縣,二林基督教醫院,FALSE,FALSE,,https://www.cna.com.tw/news/firstnews/202105190360.aspx,,,,,,,,彰化縣二林鎮大成路一段558號,04-895-2031,,23.89361002,120.36334,
彰化縣,彰化秀傳醫院,FALSE,FALSE,,https://www.cna.com.tw/news/firstnews/202105190360.aspx,,,,,,,,彰化市中山路一段542號,04-725-6166,,24.06478998,120.53751,
彰化縣,彰濱秀傳醫院,FALSE,FALSE,,https://www.cna.com.tw/news/firstnews/202105190360.aspx,,,,,,,,彰化縣鹿港鎮鹿工路6號,04-781-3888,,24.07827998,120.41112,
彰化縣,員生醫院,FALSE,FALSE,,https://www.cna.com.tw/news/firstnews/202105190360.aspx,,,,,,,,彰化縣員林市莒光路359號,04-838-3995,,23.95925,120.56641,
彰化縣,北斗鎮卓醫院,FALSE,FALSE,,https://www.cna.com.tw/news/firstnews/202105190360.aspx,,,,,,,,彰化縣北斗鎮中山路一段311號,04-888-2995,,23.87228,120.51554,
彰化縣,和美鎮道周醫院,FALSE,FALSE,,https://www.cna.com.tw/news/firstnews/202105190360.aspx,,,,,,,,彰化縣和美鎮和光路180號,04-756-6995,,24.11057001,120.49186,
嘉義市,嘉義基督教醫院,FALSE,TRUE,,http://www.cych.org.tw/cychweb/cych3/news_content.aspx?news_id=2521&news_type=news,,,,,,,院區急診篩檢站,嘉義市忠孝路539號,05-276-5041,,23.49932001,120.45005,
嘉義市,聖馬爾定醫院,FALSE,TRUE,,http://www.stm.org.tw/new/listDetail.aspx?n_id=1001&me_id=12,聖馬爾定醫院,民眾自費,-,週一至週六08:30-09:30,05-275-6000#2020#2021,https://flw.stm.org.tw/reg/CovidReg/Index,,嘉義市大雅路二段565號,05-275-6000,,23.47559998,120.4671,
嘉義市,衛生福利部嘉義醫院,FALSE,TRUE,,,,民眾自費,,,,,,嘉義市西區北港路312號,05-231-9090,,23.48130875,120.428189,
嘉義市,台中榮總嘉義分院,FALSE,TRUE,,https://www.vhcy.gov.tw/Module/BreakingNewsContent?BreakingNewsID=e54dcde9-a5b7-478b-b91f-c7a99bb31260&UnitID=fbb1c734-f7d0-41c4-93d8-261f32f1db04&WebMenuID=c47a00fc-ee22-4871-b6ec-5dc557ec27b3,台中榮總嘉義分院,民眾自費,10,週一至週六14:00-16:00,05-235-9630 #1304 #1305,,急診室,嘉義市西區世賢路二段600號,05-235-9630　,,23.46607424,120.4230079,
台南市,東區衛生所,FALSE,FALSE,,https://www.facebook.com/HealthTainan/posts/4629591077069270,,台南市民(備註資格),,每週三、週五9:00-11:00,06-267-4085,,臺南市東區龍山里林森路一段418號,臺南市東區龍山里林森路一段418號,06-267-3613,與確診個案有接觸史且足跡重疊者,22.98500999,120.22203,
台南市,新營區衛生所,FALSE,FALSE,,https://www.facebook.com/HealthTainan/posts/4629591077069270,,台南市民(備註資格),,每週一、週四9:00-11:00,06-635-5696,,台南市新營區三民路72號,台南市新營區三民路72號,06-635-5696,與確診個案有接觸史且足跡重疊者,23.30738297,120.3171394,
台南市,中西區衛生所,FALSE,FALSE,,https://health.tainan.gov.tw/page.asp?mainid=%7BDBA3A079%2DA859%2D47C4%2D81C5%2DDD88C3327298%7D,,台南市民(備註資格),,每週二9:00-11:00,06-225-2405,,台南市中西區環河街94號,台南市中西區環河街94號,06-225-2405,與確診個案有接觸史且足跡重疊者,24.14108315,120.6758481,
台南市,北區衛生所,FALSE,FALSE,,https://health.tainan.gov.tw/page.asp?mainid=%7BDBA3A079%2DA859%2D47C4%2D81C5%2DDD88C3327298%7D,,台南市民(備註資格),,每週二9:00-11:00,06-225-2404,,台南市北區西華街50號,台南市北區西華街50號,06-225-2404,與確診個案有接觸史且足跡重疊者,23.00010999,120.21086,
台南市,南區衛生所,FALSE,FALSE,,https://www.facebook.com/HealthTainan/posts/4629591077069270,,台南市民(備註資格),,每週二9:00-11:00,06-261-8578,,台南市南區南和路6號,台南市南區南和路6號,06-261-8578,與確診個案有接觸史且足跡重疊者,22.96068001,120.18806,
台南市,學甲區衛生所,FALSE,FALSE,,https://www.taiwannews.com.tw/ch/news/4207686,,台南市民(備註資格),,每週二9:00-11:00,06-783-3359,,台南市學甲區建國路38號,台南市學甲區建國路38號,06-783-3359,與確診個案有接觸史且足跡重疊者,23.2300974,120.1819145,
台南市,玉井區衛生所,FALSE,FALSE,,https://www.facebook.com/HealthTainan/posts/4629591077069270,,台南市民(備註資格),,每週三9:00-11:00,06-574-2275,,台南市玉井區中正路5號,台南市玉井區中正路5號,06-574-2275,與確診個案有接觸史且足跡重疊者,23.12224435,120.4593737,
台南市,安平區衛生所,FALSE,FALSE,,https://health.tainan.gov.tw/page.asp?mainid=%7BDBA3A079%2DA859%2D47C4%2D81C5%2DDD88C3327298%7D,,台南市民(備註資格),,每週三9:00-11:00,06-299-6885,,台南市安平區育平路310號,台南市安平區育平路310號,06-299-6885,與確診個案有接觸史且足跡重疊者,22.99436998,120.16826,
台南市,麻豆區衛生所,FALSE,FALSE,,https://www.facebook.com/HealthTainan/posts/4629591077069270,,台南市民(備註資格),,每週三9:00-11:00,06-572-2215,,臺南市麻豆區巷口里興國路11-1號,臺南市麻豆區巷口里興國路11-1號,06-572-2215,與確診個案有接觸史且足跡重疊者,23.18266998,120.24842,
台南市,安南區衛生所,FALSE,FALSE,,https://www.facebook.com/HealthTainan/posts/4629591077069270,,台南市民(備註資格),,每週四8:30-10:30,06-257-6406,,台南市安南區仁安路70號,台南市安南區仁安路70號,06-256-7406,與確診個案有接觸史且足跡重疊者,23.04988106,120.175828,
台南市,永康區衛生所,FALSE,FALSE,,https://www.facebook.com/HealthTainan/posts/4629591077069270,,台南市民(備註資格),,每週四9:00-11:00,06-232-6507,,台南市永康區文化路51號,台南市永康區文化路51號,06-232-6507,與確診個案有接觸史且足跡重疊者,23.01653002,120.26128,
台南市,安定區衛生所,FALSE,FALSE,,https://www.facebook.com/HealthTainan/posts/4629591077069270,,台南市民(備註資格),,每週四9:00-11:00,06-592-2022,,臺南市安定區安定里 59 號之 1,臺南市安定區安定里 59 號之 1,06-592-2022,與確診個案有接觸史且足跡重疊者,23.12139168,120.2374315,
台南市,鹽水區衛生所,FALSE,FALSE,,https://www.facebook.com/HealthTainan/posts/4629591077069270,,台南市民(備註資格),,每週四9:00-11:00,06-652-1041,,台南市鹽水區武廟路1號,台南市鹽水區武廟路1號,06-652-1041,與確診個案有接觸史且足跡重疊者,23.32022061,120.2653429,
台南市,佳里區衛生所,FALSE,FALSE,,https://www.taiwannews.com.tw/ch/news/4207686,,台南市民(備註資格),,每週四14:00-16:00,06-722-4106,,台南市佳里區進學路159號台南市佳里區進學路159號,,06-722-4106,與確診個案有接觸史且足跡重疊者,23.16385135,120.1777911,
高雄市,高雄醫學大學中和紀念醫院,FALSE,FALSE,5/29,https://khd.kcg.gov.tw/tw/news/show.php?num=4099,高雄醫學大學中和紀念醫院,(1) 5/1後有雙北旅遊史民眾且出現疑似症狀 (2) 與串門子燒烤店相關的人 (3) 5/12起14天内出現3次或7天内出現2次呼吸道症狀之民眾，請洽詢安排採檢。,,週一至週五 08:30-11:30,,,,高雄市三民區十全一路100號,07-3121101#5172,,22.64515999,120.30993,
高雄市,高雄榮民總醫院,FALSE,FALSE,5/29,https://khd.kcg.gov.tw/tw/news/show.php?num=4099,高雄榮民總醫院,(1) 5/1後有雙北旅遊史民眾且出現疑似症狀 (2) 與串門子燒烤店相關的人 (3) 5/12起14天内出現3次或7天内出現2次呼吸道症狀之民眾，請洽詢安排採檢。,,"週一至週五 09:00-12:00, 14:00-17:00",07-350-7701,,,高雄市左營區大中一路386號,07-3422121#77299,,22.67763999,120.32214,
高雄市,高雄長庚紀念醫院,FALSE,FALSE,5/29,https://khd.kcg.gov.tw/tw/news/show.php?num=4099,高雄長庚紀念醫院,(1) 5/1後有雙北旅遊史民眾且出現疑似症狀 (2) 與串門子燒烤店相關的人 (3) 5/12起14天内出現3次或7天内出現2次呼吸道症狀之民眾，請洽詢安排採檢。,,週一至週五 08:30-11:30,,,,高雄市鳥松區大埤路 123 號,07-7317123#3370,,22.64983998,120.35603,
高雄市,義大醫療財團法人義大醫院 ,FALSE,FALSE,5/29,https://khd.kcg.gov.tw/tw/news/show.php?num=4099,義大醫療財團法人義大醫院 ,(1) 5/1後有雙北旅遊史民眾且出現疑似症狀 (2) 與串門子燒烤店相關的人 (3) 5/12起14天内出現3次或7天内出現2次呼吸道症狀之民眾，請洽詢安排採檢。,,週一至週五 14:00-16:30,,,,高雄市燕巢區角宿里義大路1號,07-6150911,,22.76391983,120.3603569,
高雄市,高雄市立小港醫院,FALSE,FALSE,5/21,https://www.facebook.com/kmhkkmu/photos/a.299814073493217/1890611617746780/,高雄市立小港醫院,(1) 5/1後有雙北旅遊史民眾且出現疑似症狀 (2) 與串門子燒烤店相關的人 (3) 5/12起14天内出現3次或7天内出現2次呼吸道症狀之民眾，請洽詢安排採檢。,50,週一至週五 09:00-12:00,,,,高雄市小港區山明路 482 號,0903-386-502,,22.56734001,120.3635,
高雄市,國軍高雄總醫院左營分院,FALSE,FALSE,5/29,https://khd.kcg.gov.tw/tw/news/show.php?num=4099,國軍高雄總醫院左營分院,(1) 5/1後有雙北旅遊史民眾且出現疑似症狀 (2) 與串門子燒烤店相關的人 (3) 5/12起14天内出現3次或7天内出現2次呼吸道症狀之民眾，請洽詢安排採檢。,,週一至週五 08:30-11:30,,,,高雄市左營區軍校路553號,07-5817121#2131,,22.70033001,120.29217,
高雄市,高雄市立大同醫院,FALSE,FALSE,5/22,https://www.facebook.com/kmtth/posts/3705088709595152,高雄市立大同醫院,(1) 5/1後有雙北旅遊史民眾且出現疑似症狀 (2) 與串門子燒烤店相關的人 (3) 5/12起14天内出現3次或7天内出現2次呼吸道症狀之民眾，請洽詢安排採檢。,50,"週一至週五 08:30-11:30, 13:30-16:30",,,,高雄市前金區中華三路68號,07-2911101#8332,,22.62675999,120.29722,
高雄市,阮綜合醫院,FALSE,FALSE,5/29,https://khd.kcg.gov.tw/tw/news/show.php?num=4099,阮綜合醫院,(1) 5/1後有雙北旅遊史民眾且出現疑似症狀 (2) 與串門子燒烤店相關的人 (3) 5/12起14天内出現3次或7天内出現2次呼吸道症狀之民眾，請洽詢安排採檢。,,週一至週五 08:30-11:30,,,,高雄市苓雅區成功一路162號,07-3326692,,22.61556998,120.29731,
高雄市,國軍高雄總醫院,FALSE,FALSE,5/29,https://khd.kcg.gov.tw/tw/news/show.php?num=4099,國軍高雄總醫院,(1) 5/1後有雙北旅遊史民眾且出現疑似症狀 (2) 與串門子燒烤店相關的人 (3) 5/12起14天内出現3次或7天内出現2次呼吸道症狀之民眾，請洽詢安排採檢。,,週一至週五 08:30-11:30,,,,高雄市苓雅區建軍路5號,07-7498566,,22.62703999,120.34196,
高雄市,天主教聖功醫院,FALSE,FALSE,5/29,https://khd.kcg.gov.tw/tw/news/show.php?num=4099,天主教聖功醫院,(1) 5/1後有雙北旅遊史民眾且出現疑似症狀 (2) 與串門子燒烤店相關的人 (3) 5/12起14天内出現3次或7天内出現2次呼吸道症狀之民眾，請洽詢安排採檢。,,週一至週五 08:30-11:30,,,,高雄市苓雅區建國一路352號,07-2238153#2516,,22.63309998,120.32386,
高雄市,民生醫院,FALSE,FALSE,5/29,https://khd.kcg.gov.tw/tw/news/show.php?num=4099,民生醫院,(1) 5/1後有雙北旅遊史民眾且出現疑似症狀 (2) 與串門子燒烤店相關的人 (3) 5/12起14天内出現3次或7天内出現2次呼吸道症狀之民眾，請洽詢安排採檢。,,"週一至週五 08:30-11:30, 14:00-16:30",,,,高雄市苓雅區凱旋二路134號,07-7511131#5683,,22.62825,120.32271,
高雄市,聯合醫院,FALSE,FALSE,5/29,https://khd.kcg.gov.tw/tw/news/show.php?num=4099,聯合醫院,(1) 5/1後有雙北旅遊史民眾且出現疑似症狀 (2) 與串門子燒烤店相關的人 (3) 5/12起14天内出現3次或7天内出現2次呼吸道症狀之民眾，請洽詢安排採檢。,,週一至週五 08:30-11:30,,,,高雄市鼓山區中華一路976號,07-5552565#2088,,22.66081998,120.29197,
高雄市,義大醫療財團法人義大大昌醫院,FALSE,FALSE,5/29,https://khd.kcg.gov.tw/tw/news/show.php?num=4099,義大醫療財團法人義大大昌醫院,(1) 5/1後有雙北旅遊史民眾且出現疑似症狀 (2) 與串門子燒烤店相關的人 (3) 5/12起14天内出現3次或7天内出現2次呼吸道症狀之民眾，請洽詢安排採檢。,,週一至週五 08:30-11:30,,,,高雄市三民區大昌一路305號,07-5596111,,22.65756998,120.31994,
高雄市,杏和醫院,FALSE,FALSE,5/29,https://khd.kcg.gov.tw/tw/news/show.php?num=4099,杏和醫院,(1) 5/1後有雙北旅遊史民眾且出現疑似症狀 (2) 與串門子燒烤店相關的人 (3) 5/12起14天内出現3次或7天内出現2次呼吸道症狀之民眾，請洽詢安排採檢。,,週一至週五 14:00-17:00,,,,高雄市鳳山區五甲二路389號、470號1F,07-7613111#1105,,22.59775526,120.3355638,
高雄市,大東醫院,FALSE,FALSE,5/29,https://khd.kcg.gov.tw/tw/news/show.php?num=4099,大東醫院,(1) 5/1後有雙北旅遊史民眾且出現疑似症狀 (2) 與串門子燒烤店相關的人 (3) 5/12起14天内出現3次或7天内出現2次呼吸道症狀之民眾，請洽詢安排採檢。,,週一至週五 08:30-11:30,,,,高雄市鳳山區光遠路171-2號,07-7463762#102,,22.62536001,120.36201,
高雄市,鳳山醫院,FALSE,FALSE,5/29,https://khd.kcg.gov.tw/tw/news/show.php?num=4099,鳳山醫院,(1) 5/1後有雙北旅遊史民眾且出現疑似症狀 (2) 與串門子燒烤店相關的人 (3) 5/12起14天内出現3次或7天内出現2次呼吸道症狀之民眾，請洽詢安排採檢。,,週一至週五 08:30-11:30,,,,高雄市鳳山區經武路42號,07-7403380,,22.62848964,120.3625811,
高雄市,旗津醫院,FALSE,FALSE,5/29,https://khd.kcg.gov.tw/tw/news/show.php?num=4099,旗津醫院,(1) 5/1後有雙北旅遊史民眾且出現疑似症狀 (2) 與串門子燒烤店相關的人 (3) 5/12起14天内出現3次或7天内出現2次呼吸道症狀之民眾，請洽詢安排採檢。,30,週一至週五 08:30-11:30,,,旗津醫院急診外社區採檢站,高雄市旗津區旗港路33號,07-5711188#1118,,22.59020999,120.28511,
高雄市,健仁醫院,FALSE,FALSE,5/28,http://www.jiannren.org.tw/jiannren/news_detail.php?id=689&topage=,健仁醫院,(1) 5/1後有雙北旅遊史民眾且出現疑似症狀 (2) 與串門子燒烤店相關的人 (3) 5/12起14天内出現3次或7天内出現2次呼吸道症狀之民眾，請洽詢安排採檢。,,週一至週五 09:00-12:00,現場掛號戶外防疫門診，告知接觸史、旅遊史、需要自費快篩之需求及原因,,急診外發燒篩檢站,高雄市楠梓區楠陽路136號,07-3517166#1202,,22.72360002,120.32893,
高雄市,國軍高雄總醫院岡山分院,FALSE,FALSE,5/29,https://khd.kcg.gov.tw/tw/news/show.php?num=4099,國軍高雄總醫院岡山分院,(1) 5/1後有雙北旅遊史民眾且出現疑似症狀 (2) 與串門子燒烤店相關的人 (3) 5/12起14天内出現3次或7天内出現2次呼吸道症狀之民眾，請洽詢安排採檢。,,"週一至週五 09:00-12:00, 14:00-17:00",,,,高雄市岡山區大義二路1號 ,07-6250919#1071,,22.78851258,120.2851552,
高雄市,岡山醫院,FALSE,FALSE,5/29,https://khd.kcg.gov.tw/tw/news/show.php?num=4099,岡山醫院,(1) 5/1後有雙北旅遊史民眾且出現疑似症狀 (2) 與串門子燒烤店相關的人 (3) 5/12起14天内出現3次或7天内出現2次呼吸道症狀之民眾，請洽詢安排採檢。,,"週一至週五 08:30-11:30, 13:30-16:30",,,,高雄市岡山區壽天路12號,0975-618-131,,22.79675002,120.29464,
高雄市,衛生福利部旗山醫院,FALSE,FALSE,5/29,https://khd.kcg.gov.tw/tw/news/show.php?num=4099,衛生福利部旗山醫院,(1) 5/1後有雙北旅遊史民眾且出現疑似症狀 (2) 與串門子燒烤店相關的人 (3) 5/12起14天内出現3次或7天内出現2次呼吸道症狀之民眾，請洽詢安排採檢。,,週一至週五 08:30-11:30,,,,高雄市旗山區大德里中學路60號,07-6613811#5521,,22.88069,120.48328,
高雄市,義大癌治療醫院,FALSE,FALSE,5/29,https://khd.kcg.gov.tw/tw/news/show.php?num=4099,義大癌治療醫院,(1) 5/1後有雙北旅遊史民眾且出現疑似症狀 (2) 與串門子燒烤店相關的人 (3) 5/12起14天内出現3次或7天内出現2次呼吸道症狀之民眾，請洽詢安排採檢。,,週一至週五 14:00-16:30,,,,高雄市燕巢區角宿里義大路21號,07-6150911,,22.76593999,120.36559,
高雄市,建佑醫院,FALSE,FALSE,5/29,https://khd.kcg.gov.tw/tw/news/show.php?num=4099,建佑醫院,(1) 5/1後有雙北旅遊史民眾且出現疑似症狀 (2) 與串門子燒烤店相關的人 (3) 5/12起14天内出現3次或7天内出現2次呼吸道症狀之民眾，請洽詢安排採檢。,,週一至週五 08:30-11:30,,,,高雄市林園區東林西路360號,07-6437901#181,,22.50384001,120.38664,
宜蘭縣,陽明交通大學附設醫院停車場,FALSE,FALSE,,https://appweb.ymuh.ym.edu.tw/CovidScreening/SelectHospSite.aspx,陽明交通大學附設醫院,,200,,,https://appweb.ymuh.ym.edu.tw/CovidScreening/SelectDateTime.aspx,,宜蘭縣宜蘭市新民路152號,03-932-5192,,24.75758006,121.7539477,
宜蘭縣,羅東聖母醫院社區防疫篩檢站,FALSE,FALSE,,http://www.smh.org.tw/2014/?q=content/%E2%80%BB%E3%80%8A%E9%98%B2%E7%96%AB%E6%8E%AA%E6%96%BD%E5%85%AC%E5%91%8A%E3%80%8B%E6%9C%AC%E9%99%A2%E8%A8%AD%E7%BD%AE%E6%BA%AA%E5%8D%97%E5%9C%B0%E5%8D%80covid-19%E7%A4%BE%E5%8D%80%E7%AF%A9%E6%AA%A2%E7%AB%99%EF%BC%8C%E8%AB%8B%E4%B8%8A%E7%B6%B2%E9%A0%90%E7%B4%84%EF%BC%8C%E4%B8%A6%E9%81%B5%E5%AE%88%E7%9B%B8%E9%97%9C%E9%A0%88%E7%9F%A5%EF%BC%8C%E5%8B%BF%E7%9B%B4%E6%8E%A5%E9%80%B2%E5%85%A5%E9%99%A2%E5%8D%80%EF%BC%8C%E6%95%AC%E8%AB%8B%E9%85%8D%E5%90%88,羅東聖母醫院,,100,"上午: 9:00-12:00 (11:30截止掛號)
下午: 14:30-20:00 (19:30 截止掛號)",,http://netreg.smh.org.tw/sc.web/,老人醫療大樓門前廣場,宜蘭縣羅東鎮中正南路160號,03-954-4106,,24.67028625,121.7714366,areong
花蓮市,門諾醫院,FALSE,FALSE,,https://www.cna.com.tw/news/firstnews/202105190360.aspx,門諾醫院,,40,,,,,花蓮市民權路44號,03-824-1234,,23.98833001,121.62675,
花蓮市,衛生福利部花蓮醫院,FALSE,FALSE,,https://www.cna.com.tw/news/firstnews/202105190360.aspx,衛生福利部花蓮醫院,,40,,,,,花蓮市中正路600號,03-835-8141,,23.97967377,121.6111671,
花蓮縣,花蓮慈濟醫院,FALSE,FALSE,,https://www.cna.com.tw/news/firstnews/202105190360.aspx,花蓮慈濟醫院,,150,,,,,花蓮縣花蓮市中央路三段707號,03-856-1825,,23.99571308,121.5938616,
花蓮縣,國軍花蓮總醫院,FALSE,FALSE,,https://www.cna.com.tw/news/firstnews/202105190360.aspx,國軍花蓮總醫院,,40,,,,,花蓮縣新城鄉嘉里路163號,03-826-0601 ,,24.02442998,121.6074,
花蓮縣,台北榮民總醫院鳳林分院,FALSE,FALSE,,https://www.cna.com.tw/news/firstnews/202105190360.aspx,台北榮民總醫院鳳林分院,,80,,,,,花蓮縣鳳林鎮中正路一段2號,03-876-4539,,23.72742999,121.43921,
花蓮縣,台北榮民總醫院玉里分院,FALSE,FALSE,,https://www.cna.com.tw/news/firstnews/202105190360.aspx,台北榮民總醫院玉里分院,,40,,,,,花蓮縣玉里鎮新興街91號,03-888-3141,,23.33934317,121.3121037,
花蓮縣,衛生福利部玉里醫院,FALSE,FALSE,,https://www.cna.com.tw/news/firstnews/202105190360.aspx,衛生福利部玉里醫院,,40,,,,,花蓮縣玉里鎮中華路448號,03-888-6141,,23.34749001,121.32085,
花蓮縣,門諾醫院壽豐分院,FALSE,FALSE,,https://www.cna.com.tw/news/firstnews/202105190360.aspx,門諾醫院壽豐分院,,20,,,,,花蓮縣壽豐鄉共和村魚池52號,03-866-4600,,23.86953823,121.5255429,
台東縣,台東市衛生所,FALSE,FALSE,,https://www.cna.com.tw/news/firstnews/202105190360.aspx,,僅提供有症狀、符合篩檢條件的民眾預約自費採檢，一劑250元,,預計5/28啟用,採現場報名或27日起電洽衛生所進行預約,,,台東市大同路51號,089-350757,,22.75039998,121.15645,
台東縣,長濱鄉衛生所,FALSE,FALSE,,https://www.cna.com.tw/news/firstnews/202105190360.aspx,,僅提供有症狀、符合篩檢條件的民眾預約自費採檢，一劑250元,,預計5/28啟用,採現場報名或27日起電洽衛生所進行預約,,,台東縣長濱鄉長濱村中興路46號,089-831022,,23.31880001,121.45394,
台東縣,海端鄉衛生所,FALSE,FALSE,,https://www.cna.com.tw/news/firstnews/202105190360.aspx,,僅提供有症狀、符合篩檢條件的民眾預約自費採檢，一劑250元,,預計5/28啟用,採現場報名或27日起電洽衛生所進行預約,,,台東縣海端鄉海端村山界29號,089-931391,,23.10094001,121.17669,
台東縣,大武鄉衛生所,FALSE,FALSE,,https://www.cna.com.tw/news/firstnews/202105190360.aspx,,僅提供有症狀、符合篩檢條件的民眾預約自費採檢，一劑250元,,預計5/28啟用,採現場報名或27日起電洽衛生所進行預約,,,台東縣大武鄉大武村濱海路100號,089-791143,,23.33137518,121.4633438,
連江縣,連江縣馬祖快篩站,FALSE,FALSE,,https://health.ltn.com.tw/article/breakingnews/3541532,連江縣立醫院,,80,,0963-772-160,,,連江縣南竿鄉復興村217號,08-362-5114,,26.16292565,119.9508611,
金門縣,金門機場快篩站,FALSE,FALSE,,https://www.facebook.com/yang.chengwu/posts/4430662046984960,金門醫院,鼓勵與確診者及接觸者足跡重疊者、對自身症狀覺得有疑慮、來自疫情熱區者踴躍受檢,,5/26下午啟用,,,,金門縣金湖鎮尚義機場二號,08-232-2381,,24.4359048,118.3681557,
澎湖縣,澎湖機場快篩站,FALSE,FALSE,,https://www.cna.com.tw/news/aloc/202105260104.aspx,,,,5/28啟用,,,,澎湖縣湖西鄉126-5號,06-922-9123,,23.56046753,119.6296595,
屏東縣,潮州鎮社區快篩站,FALSE,FALSE,,https://www.cna.com.tw/news/ahel/202105240007.aspx,,潮州鎮居民,200,上午08:00-12:00、下午13:00-17:00,08-789-9713、08-789-8346（可現場，網路預約，電話預約）,https://docs.google.com/forms/d/e/1FAIpQLScjDbSU1K_plLDy7WEWI8By0CFxwQJUlNGHqSnja4LYYIE9Jg/closedform,潮州中山公園,潮州鎮三星里三星路39號(潮州鎮立圖書館旁),08-738-0208,與確診個案有接觸史且足跡重疊者,22.54642102,120.5494735,
,,FALSE,FALSE,,,,,,,,,,,,,,,
,,FALSE,FALSE,,,,,,,,,,,,,,,
,,FALSE,FALSE,,,,,,,,,,,,,,,
,,FALSE,FALSE,,,,,,,,,,,,,,,
,,FALSE,FALSE,,,,,,,,,,,,,,,
,,FALSE,FALSE,,,,,,,,,,,,,,,
,,FALSE,FALSE,,,,,,,,,,,,,,,
,,FALSE,FALSE,,,,,,,,,,,,,,,
,,FALSE,FALSE,,,,,,,,,,,,,,,
,,FALSE,FALSE,,,,,,,,,,,,,,,
,,FALSE,FALSE,,,,,,,,,,,,,,,
,,FALSE,FALSE,,,,,,,,,,,,,,,
,,FALSE,FALSE,,,,,,,,,,,,,,,
,,FALSE,FALSE,,,,,,,,,,,,,,,
,,FALSE,FALSE,,,,,,,,,,,,,,,
,,FALSE,FALSE,,,,,,,,,,,,,,,
,,FALSE,FALSE,,,,,,,,,,,,,,,
,,FALSE,FALSE,,,,,,,,,,,,,,,
,,FALSE,FALSE,,,,,,,,,,,,,,,
,,FALSE,FALSE,,,,,,,,,,,,,,,
,,FALSE,FALSE,,,,,,,,,,,,,,,
,,FALSE,FALSE,,,,,,,,,,,,,,,
,,FALSE,FALSE,,,,,,,,,,,,,,,
,,FALSE,FALSE,,,,,,,,,,,,,,,
,,FALSE,FALSE,,,,,,,,,,,,,,,
,,FALSE,FALSE,,,,,,,,,,,,,,,
,,FALSE,FALSE,,,,,,,,,,,,,,,
,,FALSE,FALSE,,,,,,,,,,,,,,,
,,FALSE,FALSE,,,,,,,,,,,,,,,
,,FALSE,FALSE,,,,,,,,,,,,,,,
,,FALSE,FALSE,,,,,,,,,,,,,,,
,,FALSE,FALSE,,,,,,,,,,,,,,,
,,FALSE,FALSE,,,,,,,,,,,,,,,
,,FALSE,FALSE,,,,,,,,,,,,,,,
,,FALSE,FALSE,,,,,,,,,,,,,,,
,,FALSE,FALSE,,,,,,,,,,,,,,,
,,FALSE,FALSE,,,,,,,,,,,,,,,
,,FALSE,FALSE,,,,,,,,,,,,,,,
,,FALSE,FALSE,,,,,,,,,,,,,,,
,,FALSE,FALSE,,,,,,,,,,,,,,,
,,FALSE,FALSE,,,,,,,,,,,,,,,
,,FALSE,FALSE,,,,,,,,,,,,,,,
,,FALSE,FALSE,,,,,,,,,,,,,,,
,,FALSE,FALSE,,,,,,,,,,,,,,,
,,FALSE,FALSE,,,,,,,,,,,,,,,
,,FALSE,FALSE,,,,,,,,,,,,,,,
,,FALSE,FALSE,,,,,,,,,,,,,,,
,,FALSE,FALSE,,,,,,,,,,,,,,,
,,FALSE,FALSE,,,,,,,,,,,,,,,
,,FALSE,FALSE,,,,,,,,,,,,,,,
,,FALSE,FALSE,,,,,,,,,,,,,,,
,,FALSE,FALSE,,,,,,,,,,,,,,,
,,FALSE,FALSE,,,,,,,,,,,,,,,
,,FALSE,FALSE,,,,,,,,,,,,,,,
,,FALSE,FALSE,,,,,,,,,,,,,,,
,,FALSE,FALSE,,,,,,,,,,,,,,,
,,FALSE,FALSE,,,,,,,,,,,,,,,
,,FALSE,FALSE,,,,,,,,,,,,,,,
,,FALSE,FALSE,,,,,,,,,,,,,,,
,,FALSE,FALSE,,,,,,,,,,,,,,,
,,FALSE,FALSE,,,,,,,,,,,,,,,
,,FALSE,FALSE,,,,,,,,,,,,,,,
,,FALSE,FALSE,,,,,,,,,,,,,,,
,,FALSE,FALSE,,,,,,,,,,,,,,,
,,FALSE,FALSE,,,,,,,,,,,,,,,
,,FALSE,FALSE,,,,,,,,,,,,,,,
,,FALSE,FALSE,,,,,,,,,,,,,,,
,,FALSE,FALSE,,,,,,,,,,,,,,,
,,FALSE,FALSE,,,,,,,,,,,,,,,